{"cameraMode":{"drawMode":0,"name":"Shaded","section":"Shading Mode"},"sceneLighting":true,"audioPlay":false,"sceneViewState":{"showFog":true,"showMaterialUpdate":false,"showSkybox":true,"showFlares":true,"showImageEffects":true,"showParticleSystems":true},"in2DMode":false,"pivot":{"x":477.6990661621094,"y":282.9942626953125,"z":-0.42364501953125},"rotation":{"x":0.009783263318240643,"y":0.8887303471565247,"z":-0.45795825123786929,"w":0.01891993172466755},"size":1204.34912109375,"orthographic":false}