{"cameraMode":{"drawMode":0,"name":"Shaded","section":"Shading Mode"},"sceneLighting":true,"audioPlay":false,"sceneViewState":{"showFog":true,"showMaterialUpdate":false,"showSkybox":true,"showFlares":true,"showImageEffects":true,"showParticleSystems":true},"in2DMode":false,"pivot":{"x":596.097412109375,"y":48.02433395385742,"z":69.0400161743164},"rotation":{"x":-0.41104134917259219,"y":-0.36365264654159548,"z":0.18327148258686067,"w":-0.8156309127807617},"size":359.1850891113281,"orthographic":false}